answer_relevancy,context_precision,context_recall,faithfulness,model,tokens_avg,total,tps,ttft
0.8639558749924131,1.0,1.0,0.9068675383293529,qwen2.5:3b,246.2,4.950167633398086,49.85260837945425,0.25728910839825403
0.6931354415541303,1.0,1.0,0.7143784584711925,llama3.1:8b,315.2,13.295807333002449,23.738736983333116,0.3839979582000524
